<?xml version='1.0' encoding='UTF-8'?>  
<!DOCTYPE hibernate-configuration PUBLIC  
          "-//Hibernate/Hibernate Configuration DTD 3.0//EN"  
          "http://hibernate.sourceforge.net/hibernate-configuration-3.0.dtd">

<hibernate-configuration>

	<session-factory>
	
		<property name="connection.url">jdbc:postgresql://localhost/postgres</property>
		<property name="connection.username">postgres</property>
		<property name="connection.password">postgres</property>
		<property name="connection.driver_class">org.postgresql.Driver</property>
		
		<property name="connection.pool_size">10</property>
		
		<property name="dialect">org.hibernate.dialect.PostgreSQLDialect</property>
		<property name="hbm2ddl.auto">create</property>
		<property name="hibernate.show_sql">true</property>
		<property name="hibernate.format_sql">true</property>
		<property name="hibernate.temp.use_jdbc_metadata_defaults">false</property>
		
		
		<!-- <mapping resource="student.hbm.xml" /> -->
		<!-- <mapping class="com.java.model.Student"/> -->
		<mapping class="com.java.model.ArtStudent"/>
		<mapping class="com.java.model.ScienceStudent"/>
	</session-factory>

</hibernate-configuration>  
